<?xml version="1.0" encoding="UTF-8"?>
<project-private xmlns="http://www.netbeans.org/ns/project-private/1">
    <editor-bookmarks xmlns="http://www.netbeans.org/ns/editor-bookmarks/2" lastBookmarkId="0"/>
    <open-files xmlns="http://www.netbeans.org/ns/projectui-open-files/2">
        <group>
            <file>file:/C:/Users/Mario%20Felipe/Documents/GitHub/7502320028_Mario_Goenaga_POO_2024-1/MarioGoenagaAct1Poo20241/src/Vistas/gui/VentanaPrincipal.java</file>
            <file>file:/C:/Users/Mario%20Felipe/Documents/GitHub/7502320028_Mario_Goenaga_POO_2024-1/MarioGoenagaAct1Poo20241/src/Crud/UsuarioCrud.java</file>
            <file>file:/C:/Users/Mario%20Felipe/Documents/GitHub/7502320028_Mario_Goenaga_POO_2024-1/MarioGoenagaAct1Poo20241/src/Vistas/gui/Login.java</file>
            <file>file:/C:/Users/Mario%20Felipe/Documents/GitHub/7502320028_Mario_Goenaga_POO_2024-1/MarioGoenagaAct1Poo20241/src/Vistas/gui/VentanaCrudDocumento.java</file>
            <file>file:/C:/Users/Mario%20Felipe/Documents/GitHub/7502320028_Mario_Goenaga_POO_2024-1/MarioGoenagaAct1Poo20241/src/Vistas/gui/VentanaCrudUsuario.java</file>
            <file>file:/C:/Users/Mario%20Felipe/Documents/GitHub/7502320028_Mario_Goenaga_POO_2024-1/MarioGoenagaAct1Poo20241/src/co/edu/udec/poo/mariogoenaga/Principal.java</file>
            <file>file:/C:/Users/Mario%20Felipe/Documents/GitHub/7502320028_Mario_Goenaga_POO_2024-1/MarioGoenagaAct1Poo20241/src/Dominio/Usuario.java</file>
        </group>
    </open-files>
</project-private>
